term,estimate
intercept,6.1718439260714275
PC1,0.8960390555314567
PC2,-1.2576141000018455
PC3,0.7214137888321113
PC4,0.062688574142571
