term,estimate
intercept,7.210931509117649
PC1,0.9389384204107252
PC2,-0.9478176006506346
PC3,-0.19879473330143504
PC4,-1.1982078964482648
PC5,0.48438101312374865
PC6,1.0440391611019912
