term,estimate
intercept,1.0622396744705833
lag_rail_gdp_growth,0.9113240722822494
