term,estimate
intercept,-26.764422900310038
lag_rail_gdp_growth,0.6865807955054708
lag_operating_ratio,0.3099635869332
