term,estimate
intercept,-36.99620685497373
operating_ratio,0.3883854667590369
fiscal_deficit_gdp,-0.8781176195307273
